{
  "scenario": "search",
  "vus": 20,
  "duration": "20s",
  "http_reqs": 16001,
  "rps": 639.3954637966744,
  "fail_rate": 0,
  "latency_ms": {
    "p50": 25.015,
    "p90": 39.681,
    "p95": 46.116,
    "p99": 55.367,
    "avg": 25.87581507405793,
    "max": 144.306
  }
}