{
  "scenario": "sort",
  "vus": 20,
  "duration": "20s",
  "http_reqs": 21713,
  "rps": 867.8355554541245,
  "fail_rate": 0,
  "latency_ms": {
    "p50": 18.816,
    "p90": 26.785800000000002,
    "p95": 30.10559999999999,
    "p99": 36.28676,
    "avg": 19.057902362639915,
    "max": 89.646
  }
}