{
  "scenario": "create",
  "vus": 20,
  "duration": "20s",
  "http_reqs": 17242,
  "rps": 688.9078720569985,
  "fail_rate": 0,
  "latency_ms": {
    "p50": 25.523,
    "p90": 28.9587,
    "p95": 31.074949999999998,
    "p99": 38.970859999999995,
    "avg": 24.01100956965547,
    "max": 51.335
  }
}