{
  "scenario": "list",
  "vus": 20,
  "duration": "20s",
  "http_reqs": 18918,
  "rps": 756.0689037028872,
  "fail_rate": 0,
  "latency_ms": {
    "p50": 21.2195,
    "p90": 32.227,
    "p95": 34.934149999999995,
    "p99": 40.554089999999995,
    "avg": 21.88007913098646,
    "max": 179.979
  }
}