{
  "scenario": "update",
  "vus": 20,
  "duration": "20s",
  "http_reqs": 15677,
  "rps": 626.1717503994805,
  "fail_rate": 0,
  "latency_ms": {
    "p50": 28.036,
    "p90": 32.077200000000005,
    "p95": 34.680399999999985,
    "p99": 42.6104,
    "avg": 26.398673662052726,
    "max": 75.421
  }
}