{
  "scenario": "filter",
  "vus": 20,
  "duration": "20s",
  "http_reqs": 24957,
  "rps": 997.7935955780276,
  "fail_rate": 0,
  "latency_ms": {
    "p50": 17.171,
    "p90": 21.3214,
    "p95": 23.444,
    "p99": 29.57344,
    "avg": 16.573114396762485,
    "max": 60.93
  }
}