{
  "scenario": "search",
  "vus": 20,
  "duration": "20s",
  "http_reqs": 8144,
  "rps": 325.1906691840194,
  "fail_rate": 0,
  "latency_ms": {
    "p50": 54.071,
    "p90": 70.8867,
    "p95": 77.75774999999999,
    "p99": 98.47982999999998,
    "avg": 50.94270027013756,
    "max": 217.729
  }
}