{
  "scenario": "update",
  "vus": 20,
  "duration": "20s",
  "http_reqs": 9116,
  "rps": 363.6316639411577,
  "fail_rate": 0,
  "latency_ms": {
    "p50": 48.090500000000006,
    "p90": 60.911,
    "p95": 66.07475,
    "p99": 85.13399999999999,
    "avg": 45.488288942518594,
    "max": 153.89
  }
}