{
  "scenario": "filter",
  "vus": 20,
  "duration": "20s",
  "http_reqs": 20487,
  "rps": 818.8418601615389,
  "fail_rate": 0,
  "latency_ms": {
    "p50": 21.464,
    "p90": 26.807,
    "p95": 28.857,
    "p99": 34.513259999999974,
    "avg": 20.203973788256008,
    "max": 75.473
  }
}