{
  "scenario": "list",
  "vus": 20,
  "duration": "20s",
  "http_reqs": 4795,
  "rps": 191.15833499375975,
  "fail_rate": 0,
  "latency_ms": {
    "p50": 98.597,
    "p90": 124.5424,
    "p95": 135.9747,
    "p99": 159.09555999999998,
    "avg": 86.65123753910306,
    "max": 222.627
  }
}