{
  "scenario": "sort",
  "vus": 20,
  "duration": "20s",
  "http_reqs": 4626,
  "rps": 184.5650108706238,
  "fail_rate": 0,
  "latency_ms": {
    "p50": 100.725,
    "p90": 125.787,
    "p95": 138.61149999999995,
    "p99": 175.48024999999998,
    "avg": 89.83670190229137,
    "max": 283.784
  }
}