{
  "scenario": "create",
  "vus": 20,
  "duration": "20s",
  "http_reqs": 7182,
  "rps": 286.8216131706951,
  "fail_rate": 0,
  "latency_ms": {
    "p50": 61.430499999999995,
    "p90": 78.1405,
    "p95": 85.53999999999999,
    "p99": 113.72346,
    "avg": 57.74702032859951,
    "max": 178.7
  }
}